{
    "restaurant": {
        "name": "Hotel Prakash",
        "location": "19,Civil lines, Roorkee, Roorkee Locality, Roorkee",
        "contact": "+917895885082",
        "operating_hours": "10 AM - 11 PM"
    },
    "menu": [
        {
            "category": "Starters",
            "items": [
                {
                    "name": "Veg Seekh Kabab",
                    "price": "\u20b9250",
                    "description": "Cooked Mixed Vegetable Mixture Is Shaped Around The Skewers And Grill To The Perfection.",
                    "veg_nonveg": "Veg",
                    "spice_level": "Normal"
                },
                {
                    "name": "Dahi Kabab",
                    "price": "\u20b9260",
                    "description": "Blend Of Hung Curd Infused With Indian Spices And Shallow Fried.",
                    "veg_nonveg": "Veg",
                    "spice_level": "Normal"
                },
                {
                    "name": "Hara Bhara Kabab",
                    "price": "\u20b9260",
                    "description": "Wholesome and flavorful veg kebabs made with a blend of spinach, peas, and aromatic spices, creating a vibrant and nutritious appetizer.",
                    "veg_nonveg": "Veg",
                    "spice_level": "Normal"
                },
                {
                    "name": "Paneer Hariyali Tikka",
                    "price": "\u20b9310",
                    "description": "Paneer Hariyali Tikka Is A North Indian Recipe Made Using Paneer (Cottage Cheese), Coriander Leaves, Mint Leaves And A Bit Of All Purpose Flour.",
                    "veg_nonveg": "Veg",
                    "spice_level": "Normal"
                },
                {
                    "name": "Paneer Tikka",
                    "price": "\u20b9320",
                    "description": "Paneer Marinated In Spices And Yoghurt, Grilled In The Tandoor.",
                    "veg_nonveg": "Veg",
                    "spice_level": "Normal"
                }
            ]
        },
        {
            "category": "South Indian",
            "items": [
                {
                    "name": "Idli [1 Piece]",
                    "price": "\u20b970",
                    "description": "Steamed Rice Cake",
                    "veg_nonveg": "Veg",
                    "spice_level": "Normal"
                },
                {
                    "name": "1 Vada",
                    "price": "\u20b970",
                    "description": "Fried, Doughnut Shaped South Indian Delicacy Made From Urad Dal",
                    "veg_nonveg": "Veg",
                    "spice_level": "Normal"
                },
                {
                    "name": "Idli Sambar [Home Style Preparation]",
                    "price": "\u20b9130",
                    "description": "Steamed Rice Cake Served With Sambar",
                    "veg_nonveg": "Veg",
                    "spice_level": "Normal"
                },
                {
                    "name": "Vada Sambar [2 Vada]",
                    "price": "\u20b9120",
                    "description": "Fried, Doughnut Shaped South Indian Delicacy Made From Urad Dal Served With Sambar",
                    "veg_nonveg": "Veg",
                    "spice_level": "Normal"
                },
                {
                    "name": "Idli Sambar [2 Pieces]",
                    "price": "\u20b9100",
                    "description": "Steamed Rice Cake Served With Sambar",
                    "veg_nonveg": "Veg",
                    "spice_level": "Normal"
                },
                {
                    "name": "Mini Dosa",
                    "price": "\u20b9140",
                    "description": "Masala dosa in small size.",
                    "veg_nonveg": "Veg",
                    "spice_level": "Normal"
                },
                {
                    "name": "Plain Dosa",
                    "price": "\u20b9130",
                    "description": "Flat Thin Layered Rice Batter, Originating From The Indian Subcontinent, Made From A Fermented Batter.",
                    "veg_nonveg": "Veg",
                    "spice_level": "Normal"
                },
                {
                    "name": "Masala Dosa",
                    "price": "\u20b9180",
                    "description": "Dosa Stuffed With Potato Masala Served With Sambar.",
                    "veg_nonveg": "Veg",
                    "spice_level": "Normal"
                },
                {
                    "name": "Onion Masala Dosa",
                    "price": "\u20b9200",
                    "description": "Masala Dosa Is Crispy Rice & Lentil Crepes That Are Stuffed With A Spiced Potato Fillings And Onions.",
                    "veg_nonveg": "Veg",
                    "spice_level": "Normal"
                },
                {
                    "name": "Butter Masala Dosa",
                    "price": "\u20b9190",
                    "description": "Butter Dosa Stuffed With Potato Masala Served And Sambar.",
                    "veg_nonveg": "Veg",
                    "spice_level": "Normal"
                },
                {
                    "name": "Paneer Masala Dosa",
                    "price": "\u20b9190",
                    "description": "Dosa Stuffed With Paneer Masala Served With Sambar.",
                    "veg_nonveg": "Veg",
                    "spice_level": "Normal"
                },
                {
                    "name": "Rava Butter Masala Dosa",
                    "price": "\u20b9210",
                    "description": "Rava Dosa Is A Delectably Crispy Rava Dosa That Can Be Prepared Instantly.",
                    "veg_nonveg": "Veg",
                    "spice_level": "Normal"
                },
                {
                    "name": "Special Masala Dosa",
                    "price": "\u20b9210",
                    "description": "A delectable South Indian favorite, featuring a crispy rice crepe filled with a flavorful and aromatic potato masala, offering a delightful combination of textures and flavors.",
                    "veg_nonveg": "Veg",
                    "spice_level": "Normal"
                },
                {
                    "name": "Mysore Masala Dosa",
                    "price": "\u20b9190",
                    "description": "Mysore Masala Dosa Is Crisp And Soft Dosa Spiced With Red Chutney And Served With A Potato Dish.",
                    "veg_nonveg": "Veg",
                    "spice_level": "Normal"
                },
                {
                    "name": "Onion Tomato Uttapam",
                    "price": "\u20b9210",
                    "description": "Thick And Fluffy Rice And Lentil Based Pancake With Onion And Tomato Toppings",
                    "veg_nonveg": "Veg",
                    "spice_level": "Normal"
                },
                {
                    "name": "Paneer Uttapam",
                    "price": "\u20b9210",
                    "description": "Thick And Fluffy Rice And Lentil Based Pancake With Paneer Toppings",
                    "veg_nonveg": "Veg",
                    "spice_level": "Normal"
                },
                {
                    "name": "Mixed Uttapam",
                    "price": "\u20b9210",
                    "description": "A savory South Indian pancake made with a batter of fermented rice and lentils, topped with a colorful medley of vegetables, creating a delicious and wholesome breakfast or snack option.",
                    "veg_nonveg": "Veg",
                    "spice_level": "Normal"
                },
                {
                    "name": "Chinese Chopsuey Dosa",
                    "price": "\u20b9190",
                    "description": "A creative fusion dish where a crispy dosa is filled with a stir fried Chinese style vegetable mixture, offering a unique and flavorful blend of South Indian and Indo Chinese cuisines.",
                    "veg_nonveg": "Veg",
                    "spice_level": "Normal"
                },
                {
                    "name": "American Delight Dosa",
                    "price": "\u20b9190",
                    "description": "A delightful fusion creation featuring a dosa filled with a mix of ingredients reminiscent of American breakfast, such as cheese, bell peppers and herbs, offering a unique and flavorful twist.",
                    "veg_nonveg": "Veg",
                    "spice_level": "Normal"
                },
                {
                    "name": "Spring Roll Dosa",
                    "price": "\u20b9190",
                    "description": "An innovative fusion where a dosa is filled with a mixture inspired by spring rolls, typically containing vegetables, noodles and spices, resulting in a delicious blend of Indian and Asian flavors.",
                    "veg_nonveg": "Veg",
                    "spice_level": "Normal"
                },
                {
                    "name": "Veg Noodles Dosa",
                    "price": "\u20b9190",
                    "description": "A creative fusion dish where a dosa is stuffed with a flavorful mixture of stir fried vegetables and noodles, offering a delightful combination of Indian and Asian cuisines.",
                    "veg_nonveg": "Veg",
                    "spice_level": "Normal"
                }
            ]
        },
        {
            "category": "Chinese",
            "items": [
                {
                    "name": "Veg Manchurian Dry",
                    "price": "\u20b9220",
                    "description": "Comforting Chinese Made With Colorful Vegetables, And Stir-Fried Noodles Tossed In A Savory Sauce",
                    "veg_nonveg": "Veg",
                    "spice_level": "Normal"
                },
                {
                    "name": "Crispy Chana",
                    "price": "\u20b9230",
                    "description": "Crunchy and flavorful chickpeas, seasoned with a blend of spices and herbs, offering a delightful and protein rich snack.",
                    "veg_nonveg": "Veg",
                    "spice_level": "Normal"
                },
                {
                    "name": "Schezwan Baby Corn Dry",
                    "price": "\u20b9235",
                    "description": "Tender baby corn cooked in a spicy and tangy schezwan sauce, creating a lip smacking Indo Chinese appetizer with a burst of flavors.",
                    "veg_nonveg": "Veg",
                    "spice_level": "Spicy"
                },
                {
                    "name": "Chilli Paneer Gravy Half",
                    "price": "\u20b9260",
                    "description": "Paneer Is Cooked With Soy Sauce, Green Chilli Sauce, To Give It A Spicy And Tangy Taste.",
                    "veg_nonveg": "Veg",
                    "spice_level": "Spicy"
                },
                {
                    "name": "Crispy Veg",
                    "price": "\u20b9270",
                    "description": "Crispy Fried Vegetables Are Basically Fried Veggies Sauteed With Sauces Commonly Used In Chinese Recipes",
                    "veg_nonveg": "Veg",
                    "spice_level": "Normal"
                },
                {
                    "name": "Veg Manchurian Gravy",
                    "price": "\u20b9310",
                    "description": "Vegetables Dumplings Cooked In Oriental And Soy Garlic Sauce.",
                    "veg_nonveg": "Veg",
                    "spice_level": "Normal"
                },
                {
                    "name": "Chilli Paneer Dry",
                    "price": "\u20b9290",
                    "description": "A Spicy Dish Made With Dry Chilly And Paneer And Vegetables",
                    "veg_nonveg": "Veg",
                    "spice_level": "Spicy"
                },
                {
                    "name": "Mushroom Manchurian",
                    "price": "\u20b9300",
                    "description": "Tender mushroom pieces are coated in a spiced batter, deep fried, and tossed in a savory sauce, resulting in a delicious fusion dish.",
                    "veg_nonveg": "Veg",
                    "spice_level": "Normal"
                },
                {
                    "name": "Mushroom Chilli",
                    "price": "\u20b9290",
                    "description": "A zesty and flavorful dish where mushrooms are stir fried with vibrant bell peppers, onion and aromatic spices, offering a delectable blend of textures and tastes.",
                    "veg_nonveg": "Veg",
                    "spice_level": "Normal"
                },
                {
                    "name": "Chilli Paneer Gravy Full",
                    "price": "\u20b9320",
                    "description": "Paneer Is Cooked With Soy Sauce, Green Chilli Sauce, To Give It A Spicy And Tangy Taste.",
                    "veg_nonveg": "Veg",
                    "spice_level": "Spicy"
                },
                {
                    "name": "Honey Potato Chilli",
                    "price": "\u20b9320",
                    "description": "Crispy Potatoes Tossed In Pan With Honey, Fresh Chillies, Cubed Onions And Mixed Peppers",
                    "veg_nonveg": "Veg",
                    "spice_level": "Spicy"
                },
                {
                    "name": "Gobi Manchurian",
                    "price": "\u20b9310",
                    "description": "A popular Indo Chinese dish featuring crispy cauliflower florets coated in a savory and tangy sauce, offering a delightful fusion of flavors and textures.",
                    "veg_nonveg": "Veg",
                    "spice_level": "Normal"
                }
            ]
        },
        {
            "category": "Fried Rice and Noodles",
            "items": [
                {
                    "name": "Veg Fried Rice",
                    "price": "\u20b9230",
                    "description": "Steamed Rice Wok Tossed With Veggies And Sauce.",
                    "veg_nonveg": "Veg",
                    "spice_level": "Normal"
                },
                {
                    "name": "Schezwan Fried Rice",
                    "price": "\u20b9230",
                    "description": "A fiery and aromatic dish featuring cooked rice stir fried with schezwan sauce, vegetables and seasonings, creating a bold and flavorful Indo Chinese main course.",
                    "veg_nonveg": "Veg",
                    "spice_level": "Spicy"
                },
                {
                    "name": "Mushroom Fried Rice",
                    "price": "\u20b9240",
                    "description": "A delicious combination of cooked rice stir fried with tender mushrooms, vegetables, and savory seasonings, offering a satisfying and flavorful veg option.",
                    "veg_nonveg": "Veg",
                    "spice_level": "Normal"
                },
                {
                    "name": "Paneer Fried Rice",
                    "price": "\u20b9240",
                    "description": "Flavorful & Delicious Rice Fried In A Pan Loaded With Veggies And Paneer Chunks",
                    "veg_nonveg": "Veg",
                    "spice_level": "Normal"
                },
                {
                    "name": "Veg Hakka Noodles",
                    "price": "\u20b9200",
                    "description": "Stir Fried Veggies With Spicy And Tangy Whole Wheat Noodles",
                    "veg_nonveg": "Veg",
                    "spice_level": "Spicy"
                },
                {
                    "name": "Veg Noodles",
                    "price": "\u20b9180",
                    "description": "Loaded With Fresh Vegetables And Noodles",
                    "veg_nonveg": "Veg",
                    "spice_level": "Normal"
                },
                {
                    "name": "Paneer Noodles",
                    "price": "\u20b9200",
                    "description": "Loaded with fresh vegetables, paneer and noodles.",
                    "veg_nonveg": "Veg",
                    "spice_level": "Normal"
                },
                {
                    "name": "Veg Singapuri Noodles",
                    "price": "\u20b9200",
                    "description": "The Singapore Noodles are bursting with sweet-savory curry powder, aromatic garlic, ginger and onions along with a tantalizing sauce",
                    "veg_nonveg": "Veg",
                    "spice_level": "Normal"
                },
                {
                    "name": "Veg Chopsuey",
                    "price": "\u20b9250",
                    "description": "Veg Chopsuey To Mix Veg Fried Crispy Noodles With A Tangy, Sweet & Spiced Sauce.",
                    "veg_nonveg": "Veg",
                    "spice_level": "Normal"
                },
                {
                    "name": "Chinese Chopsuey",
                    "price": "\u20b9250",
                    "description": "A delightful and colorful dish featuring a crispy noodles base topped with a medley of stir fried vegetables and a flavorful sauce, creating a popular Indo Chinese fusion.",
                    "veg_nonveg": "Veg",
                    "spice_level": "Normal"
                },
                {
                    "name": "Cheese Chopsuey",
                    "price": "\u20b9250",
                    "description": "A delightful variation of the classic chopsuey, featuring a crispy noodle base topped with a cheesy blend of vegetables and a savory sauce, offering a flavorful and indulgent fusion.",
                    "veg_nonveg": "Veg",
                    "spice_level": "Normal"
                }
            ]
        },
        {
            "category": "Main Course",
            "items": [
                {
                    "name": "Gobi Aloo",
                    "price": "\u20b9220",
                    "description": "A simple yet satisfying combination of cauliflower [gobi] and potatoes [aloo], saut\u00e9ed with aromatic spices, creating a delightful veg side dish.",
                    "veg_nonveg": "Veg",
                    "spice_level": "Normal"
                },
                {
                    "name": "Jeera Aloo",
                    "price": "\u20b9180",
                    "description": "Jeera Aloo Is A Typical Vegetarian Indian Dish Which Is Often Served As A Side Dish And Normally Goes Well With Hot Puris, Chapatti, Roti Or Dal.",
                    "veg_nonveg": "Veg",
                    "spice_level": "Spicy"
                },
                {
                    "name": "Matar Aloo",
                    "price": "\u20b9220",
                    "description": "An Everyday Dish Of Potato And Peas Mingled In A Rich, Tomato Gravy.",
                    "veg_nonveg": "Veg",
                    "spice_level": "Normal"
                },
                {
                    "name": "Chana Masala",
                    "price": "\u20b9240",
                    "description": "A robust and flavorful chickpea curry infused with aromatic spices, creating a satisfying and popular dish in Indian cuisine.",
                    "veg_nonveg": "Veg",
                    "spice_level": "Normal"
                },
                {
                    "name": "Dal Khaas",
                    "price": "\u20b9230",
                    "description": "A special and exquisite lentil dish, prepared with a unique combination of spices and herbs, offering a luxurious and flavorful dining experience.",
                    "veg_nonveg": "Veg",
                    "spice_level": "Normal"
                },
                {
                    "name": "Veg Shahi Korma",
                    "price": "\u20b9240",
                    "description": "An opulent medley of vegetables luxuriating in a regal, aromatic cashew and cream based sauce, fit for a royal feast.",
                    "veg_nonveg": "Veg",
                    "spice_level": "Normal"
                },
                {
                    "name": "Veg Kofta",
                    "price": "\u20b9250",
                    "description": "Vegetable Kofta is an exotic Indian gravy dish that comprises of two parts Kofta and the curry",
                    "veg_nonveg": "Veg",
                    "spice_level": "Normal"
                },
                {
                    "name": "Mix Vegetable",
                    "price": "\u20b9250",
                    "description": "Fresh Garden Vegetables Cooked In A Masala Gravy.",
                    "veg_nonveg": "Veg",
                    "spice_level": "Normal"
                },
                {
                    "name": "Dal Makhani",
                    "price": "\u20b9260",
                    "description": "Whole Black Lentil Cooked Overnight With Butter & Cream",
                    "veg_nonveg": "Veg",
                    "spice_level": "Normal"
                },
                {
                    "name": "Dal Tadka",
                    "price": "\u20b9260",
                    "description": "Dal Tadka Are Cooked Lentils Which Are Lastly Tempered With Oil Or Ghee Fried Spices & Herbs.",
                    "veg_nonveg": "Veg",
                    "spice_level": "Normal"
                },
                {
                    "name": "Dal Masala",
                    "price": "\u20b9260",
                    "description": "A hearty and flavorful lentil preparation infused with a medley of aromatic spices.",
                    "veg_nonveg": "Veg",
                    "spice_level": "Normal"
                },
                {
                    "name": "Kashmiri Dum Aloo",
                    "price": "\u20b9260",
                    "description": "Easy Delicious, Creamy , Flavorful Dish Made Of Spicy Onion, Tomatoes, Cashews & Yoghurt Gravy.",
                    "veg_nonveg": "Veg",
                    "spice_level": "Spicy"
                },
                {
                    "name": "Palak Corn",
                    "price": "\u20b9260",
                    "description": "A nutritious harmony of vibrant spinach and sweet corn kernels, infused with aromatic spices, resulting in a delightful and wholesome veg dish.",
                    "veg_nonveg": "Veg",
                    "spice_level": "Normal"
                },
                {
                    "name": "Palak Kofta",
                    "price": "\u20b9260",
                    "description": "A fusion of health and taste, spinach and paneer dumplings served in a flavorful gravy, creating a wholesome and savory delight.",
                    "veg_nonveg": "Veg",
                    "spice_level": "Normal"
                },
                {
                    "name": "Pindi Chana",
                    "price": "\u20b9260",
                    "description": "Robustly spiced chickpea curry, cooked with traditional Punjabi flavors, offering a hearty and satisfying vegetarian dish.",
                    "veg_nonveg": "Veg",
                    "spice_level": "Normal"
                },
                {
                    "name": "Stuffed Tomato",
                    "price": "\u20b9260",
                    "description": "Ripe tomatoes generously filled with a delectable mixture, baked or cooked until tender, creating a burst of flavors in every bite.",
                    "veg_nonveg": "Veg",
                    "spice_level": "Normal"
                },
                {
                    "name": "Veg Nargisi Kofta",
                    "price": "\u20b9260",
                    "description": "Wholesome vegetable koftas with a surprise center, nestled in a flavorsome gravy, offering a delightful twist on a classic dish.",
                    "veg_nonveg": "Veg",
                    "spice_level": "Normal"
                },
                {
                    "name": "Mushroom Butter Masala",
                    "price": "\u20b9260",
                    "description": "Creamy and indulgent, this dish features mushrooms cooked in a rich tomato based gravy, balanced with a velvety buttery finish.",
                    "veg_nonveg": "Veg",
                    "spice_level": "Normal"
                },
                {
                    "name": "Mushroom Do Pyaza",
                    "price": "\u20b9260",
                    "description": "A Semi Dry Dish, Mushroom Do Pyaza Where Mushrooms Are Cooked With Lots Of Onions And Basic Masalas.",
                    "veg_nonveg": "Veg",
                    "spice_level": "Normal"
                },
                {
                    "name": "Palak Mushroom",
                    "price": "\u20b9260",
                    "description": "A delectable fusion of earthy mushrooms and vibrant spinach, simmered in aromatic spices for a rich and wholesome culinary delight.",
                    "veg_nonveg": "Veg",
                    "spice_level": "Normal"
                },
                {
                    "name": "Stuffed Dum Aloo",
                    "price": "\u20b9260",
                    "description": "Easy Delicious, Creamy , Flavorful Dish Made Of Spicy Onion, Tomatoes, Cashews & Yoghurt Gravy.",
                    "veg_nonveg": "Veg",
                    "spice_level": "Spicy"
                },
                {
                    "name": "Mushroom Matar",
                    "price": "\u20b9260",
                    "description": "An Everyday Dish Of Mushroom And Peas Mingled In A Rich, Tomato Gravy.",
                    "veg_nonveg": "Veg",
                    "spice_level": "Normal"
                },
                {
                    "name": "Prakash Special Vegetable",
                    "price": "\u20b9260",
                    "description": "This is our special mix veg made up with seasonal vegetables and spices.",
                    "veg_nonveg": "Veg",
                    "spice_level": "Normal"
                },
                {
                    "name": "Kadhai Mushroom",
                    "price": "\u20b9270",
                    "description": "A flavorful medley of succulent mushrooms, colorful bell peppers and aromatic spices, cooked to perfection in a traditional Indian wok.",
                    "veg_nonveg": "Veg",
                    "spice_level": "Normal"
                },
                {
                    "name": "Veg Jalfrezi",
                    "price": "\u20b9270",
                    "description": "Vegetable Jalfrezi Features Mixed Vegetables Cooked In A Base Of Tomato Sauce Spiked Up With Saut\u00e9ed Green Chillies, Ginger, Onions, And Such Flavourful Ingredients",
                    "veg_nonveg": "Veg",
                    "spice_level": "Spicy"
                },
                {
                    "name": "Navratan Korma",
                    "price": "\u20b9270",
                    "description": "A regal ensemble of nine assorted vegetables and nuts, luxuriating in a creamy, aromatic sauce, offering a rich and flavorful culinary experience.",
                    "veg_nonveg": "Veg",
                    "spice_level": "Normal"
                },
                {
                    "name": "Cheese Kofta",
                    "price": "\u20b9270",
                    "description": "Delectable balls of cheese mixed with herbs and spices, deep fried to golden perfection, served in a flavorful sauce for a creamy and savory treat.",
                    "veg_nonveg": "Veg",
                    "spice_level": "Normal"
                },
                {
                    "name": "Special Malai Kofta",
                    "price": "\u20b9280",
                    "description": "Velvety paneer and vegetable dumplings, bathed in a rich, creamy gravy infused with aromatic spices, creating an indulgent and elevated culinary delight.",
                    "veg_nonveg": "Veg",
                    "spice_level": "Normal"
                },
                {
                    "name": "Kadai Chaap Masala Gravy",
                    "price": "\u20b9260",
                    "description": "Tender soya chaap cooked with aromatic spices and colorful bell peppers in a robust and flavorful kadai style gravy, offering a delightful veg dish.",
                    "veg_nonveg": "Veg",
                    "spice_level": "Normal"
                },
                {
                    "name": "Matar Paneer",
                    "price": "\u20b9280",
                    "description": "An Everyday Dish Of Cottage Cheese And Peas Mingled In A Rich, Tomato Gravy.",
                    "veg_nonveg": "Veg",
                    "spice_level": "Normal"
                },
                {
                    "name": "Stuffed Paneer Mumtaz",
                    "price": "\u20b9280",
                    "description": "A regal creation featuring paneer [Indian cottage cheese] filled with a delectable mixture, cooked in a rich and aromatic gravy, presenting a sumptuous and royal culinary experience.",
                    "veg_nonveg": "Veg",
                    "spice_level": "Normal"
                },
                {
                    "name": "Shahi Paneer",
                    "price": "\u20b9290",
                    "description": "Shahi Paneer Is A Preparation Of Paneer, Indigenous To The Indian Subcontinent, Consisting Of A Thick Gravy Of Cream, Tomatoes And Indian Spices.",
                    "veg_nonveg": "Veg",
                    "spice_level": "Normal"
                },
                {
                    "name": "Cheese Do Pyaza",
                    "price": "\u20b9290",
                    "description": "A delectable dish featuring cheese cubes cooked with double the onion, seasoned with aromatic spices, resulting in a flavorful and satisfying veg preparation.",
                    "veg_nonveg": "Veg",
                    "spice_level": "Normal"
                },
                {
                    "name": "Paneer Methi Malai",
                    "price": "\u20b9290",
                    "description": "Methi Malai Paneer Is A Creamy Indian Curry Made From Fresh Fenugreek Leaves (Methi), Chunks Of Paneer (Indian Cottage Cheese), Malai (Cream) And Spices.",
                    "veg_nonveg": "Veg",
                    "spice_level": "Normal"
                },
                {
                    "name": "Paneer Bhujia",
                    "price": "\u20b9290",
                    "description": "Paneer bhujiya is a popular and delicious North Indian breakfast recipe made from crumbled paneer. In this dish, the paneer aka cottage cheese is scrambled.",
                    "veg_nonveg": "Veg",
                    "spice_level": "Normal"
                },
                {
                    "name": "Palak Paneer",
                    "price": "\u20b9290",
                    "description": "Soft Cottage Cheese Cubes Prepared In Mild Spiced Smooth Spinach Sauce.",
                    "veg_nonveg": "Veg",
                    "spice_level": "Normal"
                },
                {
                    "name": "Kadhai Paneer",
                    "price": "\u20b9300",
                    "description": "Succulent paneer [Indian cottage cheese] and colorful bell peppers cooked in a fragrant blend of spices, offering a delightful and aromatic North Indian specialty.",
                    "veg_nonveg": "Veg",
                    "spice_level": "Normal"
                },
                {
                    "name": "Paneer Butter Masala",
                    "price": "\u20b9300",
                    "description": "`Cottage Cheese Cooked In Spicy Tomato Gravy Usually Thick In Nature.",
                    "veg_nonveg": "Veg",
                    "spice_level": "Spicy"
                },
                {
                    "name": "Makhani Paneer",
                    "price": "\u20b9300",
                    "description": "Creamy and luscious paneer [Indian cottage cheese] cubes immersed in a rich tomato based gravy, enriched with butter and aromatic spices, creating a velvety and indulgent dish.",
                    "veg_nonveg": "Veg",
                    "spice_level": "Normal"
                },
                {
                    "name": "Cheese Korma",
                    "price": "\u20b9300",
                    "description": "A luxurious creation of cheese cubes bathed in a rich, nutty sauce infused with aromatic spices, offering a decadent and flavorful veg delicacy.",
                    "veg_nonveg": "Veg",
                    "spice_level": "Normal"
                },
                {
                    "name": "Special Cheese Tomato",
                    "price": "\u20b9300",
                    "description": "Succulent cheese filled tomatoes, cooked to perfection and served in a flavorful tomato based sauce, offering a unique and savory twist on a classic dish.",
                    "veg_nonveg": "Veg",
                    "spice_level": "Normal"
                },
                {
                    "name": "Khoya Paneer",
                    "price": "\u20b9300",
                    "description": "Soft paneer [Indian cottage cheese] chunks cooked in a creamy and luscious khoya [reduced milk solids] sauce, resulting in a delectable and indulgent dessert like dish.",
                    "veg_nonveg": "Veg",
                    "spice_level": "Normal"
                },
                {
                    "name": "Paneer Tikka Lababdar",
                    "price": "\u20b9320",
                    "description": "Create marinated paneer tikka pieces, simmered in a creamy and spiced tomato gravy, creating a mouthwatering and indulgent North Indian dish.",
                    "veg_nonveg": "Veg",
                    "spice_level": "Normal"
                },
                {
                    "name": "Kaju Korma",
                    "price": "\u20b9330",
                    "description": "A luxurious and rich curry featuring cashews, cooked in a flavorful gravy with aromatic spices, offering a delightful and nutty veg delicacy.",
                    "veg_nonveg": "Veg",
                    "spice_level": "Normal"
                }
            ]
        },
        {
            "category": "Breads",
            "items": [
                {
                    "name": "Tawa Roti",
                    "price": "\u20b925",
                    "description": "A Charred Whole Wheat Flour Indian Bread That Is Soft And Can Be Served Along With Any Kind Of Curries.",
                    "veg_nonveg": "Veg",
                    "spice_level": "Normal"
                },
                {
                    "name": "Roti",
                    "price": "\u20b922",
                    "description": "Plain wheat roti.",
                    "veg_nonveg": "Veg",
                    "spice_level": "Normal"
                },
                {
                    "name": "Tawa Butter Roti",
                    "price": "\u20b925",
                    "description": "A Charred Whole Wheat Flour Indian Bread That Is Soft And Can Be Served Along With Any Kind Of Curries.",
                    "veg_nonveg": "Veg",
                    "spice_level": "Normal"
                },
                {
                    "name": "Butter Roti",
                    "price": "\u20b925",
                    "description": "Indian Flatbread Traditionally Made In Tandoor Using Butter",
                    "veg_nonveg": "Veg",
                    "spice_level": "Normal"
                },
                {
                    "name": "Missi Roti",
                    "price": "\u20b935",
                    "description": "A rustic and flavorful Indian flatbread made from a combination of wheat flour and gram flour, spiced with herbs and cooked to a golden perfection.",
                    "veg_nonveg": "Veg",
                    "spice_level": "Normal"
                },
                {
                    "name": "Plain Naan",
                    "price": "\u20b950",
                    "description": "A Soft And Chewy Flat Bread That Makes The Perfect Accompaniment To Any Saucy Dish.",
                    "veg_nonveg": "Veg",
                    "spice_level": "Normal"
                },
                {
                    "name": "Lachha Paratha",
                    "price": "\u20b950",
                    "description": "A Multi Layered Shallow Fried North Indian Flat Bread",
                    "veg_nonveg": "Veg",
                    "spice_level": "Normal"
                },
                {
                    "name": "Butter Naan",
                    "price": "\u20b960",
                    "description": "A Leavened Flatbread Mostly Cooked In A Tandoor.",
                    "veg_nonveg": "Veg",
                    "spice_level": "Normal"
                },
                {
                    "name": "Stuffed Naan",
                    "price": "\u20b980",
                    "description": "Extra Soft, Doughy, Chewy, And Stuffed Generously With Cheese, Spinach, And Herbs.",
                    "veg_nonveg": "Veg",
                    "spice_level": "Normal"
                },
                {
                    "name": "Green Mirchi Paratha",
                    "price": "\u20b960",
                    "description": "Paratha mace with green chilli and spices.",
                    "veg_nonveg": "Veg",
                    "spice_level": "Spicy"
                },
                {
                    "name": "Mint Paratha",
                    "price": "\u20b960",
                    "description": "Indian flatbread made with a mixture of fresh mint leaves and whole wheat flour.",
                    "veg_nonveg": "Veg",
                    "spice_level": "Normal"
                },
                {
                    "name": "Plain Kulcha",
                    "price": "\u20b970",
                    "description": "A soft and fluffy Indian bread, typically made with all purpose flour and baked until golden, serving as a versatile and delightful accompaniment to various dishes.",
                    "veg_nonveg": "Veg",
                    "spice_level": "Normal"
                },
                {
                    "name": "Cheese Naan",
                    "price": "\u20b9100",
                    "description": "Soft and fluffy Indian bread infused with melted cheese, baked in a tandoor or on a griddle, offering a delightful and cheesy twist on a classic favorite.",
                    "veg_nonveg": "Veg",
                    "spice_level": "Normal"
                },
                {
                    "name": "Paneer Naan",
                    "price": "\u20b980",
                    "description": "A delectable variation of Indian bread stuffed with flavorful paneer [Indian cottage cheese], herbs and spices, creating a savory and satisfying accompaniment to your meal.",
                    "veg_nonveg": "Veg",
                    "spice_level": "Normal"
                },
                {
                    "name": "Kashmiri Naan",
                    "price": "\u20b9100",
                    "description": "A delectable Indian bread enriched with dried fruits, nuts, and aromatic spices, hailing from the Kashmiri cuisine, offering a unique and indulgent twist on traditional naan.",
                    "veg_nonveg": "Veg",
                    "spice_level": "Normal"
                },
                {
                    "name": "Garlic Naan",
                    "price": "\u20b980",
                    "description": "Garlic Naan Is A Soft Indian Leavened Flatbread Made With Wheat Flours And Spiced With Garlic",
                    "veg_nonveg": "Veg",
                    "spice_level": "Normal"
                },
                {
                    "name": "Paneer Kulcha",
                    "price": "\u20b980",
                    "description": "A delectable variation of kulcha bread, stuffed with flavorful paneer [Indian cottage cheese] and aromatic spices, creating a savory and satisfying accompaniment to your meal.",
                    "veg_nonveg": "Veg",
                    "spice_level": "Normal"
                },
                {
                    "name": "Mirchi Stuffed Paratha",
                    "price": "\u20b980",
                    "description": "Mirchi Parantha Stuffed With Flavored Chillies And Vegetables. Usually Consumed During Breakfast Along With Curd, Butter Or Pickle",
                    "veg_nonveg": "Veg",
                    "spice_level": "Spicy"
                },
                {
                    "name": "Mooli Stuffed Paratha",
                    "price": "\u20b980",
                    "description": "Mooli Parantha Stuffed With Flavored Raddish And Vegetables. Usually Consumed During Breakfast Along With Curd, Butter Or Pickle",
                    "veg_nonveg": "Veg",
                    "spice_level": "Normal"
                },
                {
                    "name": "Onion Kulcha",
                    "price": "\u20b980",
                    "description": "oft and flavorful Indian bread, infused with finely chopped onion and aromatic spices, baked to perfection, offering a delightful and savory accompaniment to your cuisine.",
                    "veg_nonveg": "Veg",
                    "spice_level": "Normal"
                },
                {
                    "name": "Paneer Paratha",
                    "price": "\u20b990",
                    "description": "Indian Flatbread Made With Whole Wheat Flour And Cottage Cheese Stuffing.",
                    "veg_nonveg": "Veg",
                    "spice_level": "Normal"
                }
            ]
        },
        {
            "category": "Rice and Biryani",
            "items": [
                {
                    "name": "Curd Rice",
                    "price": "\u20b9140",
                    "description": "A soothing and simple South Indian dish made from cooked rice mixed with yogurt, tempered with spices, and garnished with herbs, offering a refreshing and comforting meal.",
                    "veg_nonveg": "Veg",
                    "spice_level": "Normal"
                },
                {
                    "name": "Plain Rice",
                    "price": "\u20b9150",
                    "description": "Rice That Has Been Cooked Either By Steaming Or Boiling.",
                    "veg_nonveg": "Veg",
                    "spice_level": "Normal"
                },
                {
                    "name": "Jeera Rice",
                    "price": "\u20b9160",
                    "description": "Jeera Rice Or Zeera Rice Is An Indian Dish Consisting Of Rice And Cumin Seeds",
                    "veg_nonveg": "Veg",
                    "spice_level": "Normal"
                },
                {
                    "name": "Matar Pulao",
                    "price": "\u20b9170",
                    "description": "Matar Pulao Is A Classic Indian Rice Pulao Made With Basmati Rice, Whole Spices, Herbs And Of Course Green Peas",
                    "veg_nonveg": "Veg",
                    "spice_level": "Normal"
                },
                {
                    "name": "Veg Pulao",
                    "price": "\u20b9180",
                    "description": "Classic Indian Rice Pulao Made With Basmati Rice, Whole Spices, Herbs.",
                    "veg_nonveg": "Veg",
                    "spice_level": "Normal"
                },
                {
                    "name": "Paneer Pulao",
                    "price": "\u20b9190",
                    "description": "Paneer Pulao Is A Classic Indian Rice Pulao Made With Basmati Rice, Whole Spices, Herbs And Cottage Cheese",
                    "veg_nonveg": "Veg",
                    "spice_level": "Normal"
                },
                {
                    "name": "Special Kashmiri Pulao",
                    "price": "\u20b9220",
                    "description": "A fragrant and vibrant rice dish cooked with basmati rice, dried fruits, nuts, and aromatic spices, creating a delightful and festive culinary experience inspired by Kashmiri cuisine.",
                    "veg_nonveg": "Veg",
                    "spice_level": "Normal"
                },
                {
                    "name": "Corn Pulao",
                    "price": "\u20b9250",
                    "description": "A flavorful rice dish cooked with tender corn kernels, aromatic spices, and fragrant herbs, resulting in a satisfying and vibrant veg main course.",
                    "veg_nonveg": "Veg",
                    "spice_level": "Normal"
                },
                {
                    "name": "Hyderabadi Pulao",
                    "price": "\u20b9250",
                    "description": "A delectable rice preparation influenced by the flavors of Hyderabad, featuring fragrant basmati rice cooked with aromatic spices, tender vegetables, and herbs, creating a savory and aromatic delight.",
                    "veg_nonveg": "Veg",
                    "spice_level": "Normal"
                },
                {
                    "name": "Veg Biryani",
                    "price": "\u20b9240",
                    "description": "Loaded With Veggies, Crunchy Cashews, Warm Spices Like Saffron, Herbs Like Cilantro And Mint, This Vegetable Biryani Is A Delight To The Taste",
                    "veg_nonveg": "Veg",
                    "spice_level": "Normal"
                },
                {
                    "name": "Mushroom Biryani",
                    "price": "\u20b9250",
                    "description": "Fragrant basmati rice cooked with succulent mushrooms and a blend of aromatic spices, creating a flavorful and satisfying veg one pot meal.",
                    "veg_nonveg": "Veg",
                    "spice_level": "Normal"
                },
                {
                    "name": "Paneer Tikka Biryani",
                    "price": "\u20b9280",
                    "description": "A delicious fusion of marinated paneer tikka and fragrant basmati rice, cooked together with aromatic spices, creating a mouthwatering and indulgent biryani experience.",
                    "veg_nonveg": "Veg",
                    "spice_level": "Normal"
                }
            ]
        },
        {
            "category": "Pizza and Pasta",
            "items": [
                {
                    "name": "Coin Pizza [7 inches]",
                    "price": "\u20b9300",
                    "description": "Bite sized crispy pizza loaded with gooey cheese and delicious toppings, bursting with flavor in every mini bite. Perfect for snacking and sharing.",
                    "veg_nonveg": "Veg",
                    "spice_level": "Normal"
                },
                {
                    "name": "Mushroom Pizza",
                    "price": "\u20b9300",
                    "description": "A crispy crust loaded with juicy mushrooms, rich melted cheese and flavorful seasonings for a perfectly cheesy and savory delight in every bite.",
                    "veg_nonveg": "Veg",
                    "spice_level": "Normal"
                },
                {
                    "name": "Mix Veg Pizza",
                    "price": "\u20b9300",
                    "description": "A crispy crust topped with a delicious mix of veggies, gooey cheese and flavorful seasonings. A perfect bite of freshness and cheesy goodness in every slice.",
                    "veg_nonveg": "Veg",
                    "spice_level": "Normal"
                },
                {
                    "name": "Prakash Special Pizza",
                    "price": "\u20b9330",
                    "description": "A cheesy delight loaded with rich flavors, crispy crust and a special blend of toppings that make every bite irresistible. A pizza lovers dream come true.",
                    "veg_nonveg": "Veg",
                    "spice_level": "Normal"
                },
                {
                    "name": "Onion Tomato Capsicum Pizza",
                    "price": "\u20b9300",
                    "description": "A crispy crust loaded with juicy tomatoes, crunchy onions and flavorful capsicum, topped with gooey melted cheese for a perfect balance of taste and texture.",
                    "veg_nonveg": "Veg",
                    "spice_level": "Normal"
                }
            ]
        },
        {
            "category": "Burgers and Sandwiches",
            "items": [
                {
                    "name": "Veg Burger",
                    "price": "\u20b990",
                    "description": "Crunchy Herb Potato Patty With Tomato, Onion And Sauces",
                    "veg_nonveg": "Veg",
                    "spice_level": "Normal"
                },
                {
                    "name": "Cheese Burger",
                    "price": "\u20b9110",
                    "description": "Juicy and indulgent burger with crumb-fried cheese burst patty, served with lettuce, tomatoes, chopped onions, mayo and crisps.",
                    "veg_nonveg": "Veg",
                    "spice_level": "Normal"
                },
                {
                    "name": "Mushroom Burger",
                    "price": "\u20b9110",
                    "description": "A juicy, flavorful mushroom patty topped with melted cheese, fresh veggies and creamy sauce, all packed in a soft, toasted bun for the ultimate bite.",
                    "veg_nonveg": "Veg",
                    "spice_level": "Normal"
                }
            ]
        },
        {
            "category": "Snacks and Chaat",
            "items": [
                {
                    "name": "French Fries",
                    "price": "\u20b9160",
                    "description": "Crispy fried potato sticks.",
                    "veg_nonveg": "Veg",
                    "spice_level": "Normal"
                },
                {
                    "name": "Masala American Corn",
                    "price": "\u20b9160",
                    "description": "Masala sprinkled and mixed with American corns.",
                    "veg_nonveg": "Veg",
                    "spice_level": "Normal"
                },
                {
                    "name": "Veg Cutlet [2 Pieces]",
                    "price": "\u20b9170",
                    "description": "Vegetable cutlets.",
                    "veg_nonveg": "Veg",
                    "spice_level": "Normal"
                },
                {
                    "name": "Veg Spring Roll",
                    "price": "\u20b9180",
                    "description": "Thin crispy rolls filled with execotic vegetables.",
                    "veg_nonveg": "Veg",
                    "spice_level": "Normal"
                },
                {
                    "name": "Chinese French Fries",
                    "price": "\u20b9180",
                    "description": "Cheese French fries.",
                    "veg_nonveg": "Veg",
                    "spice_level": "Normal"
                },
                {
                    "name": "Plain American Corn",
                    "price": "\u20b9190",
                    "description": "Sweet American corn.",
                    "veg_nonveg": "Veg",
                    "spice_level": "Normal"
                },
                {
                    "name": "Cheese Cutlet [2 Pieces]",
                    "price": "\u20b9190",
                    "description": "Cutlets filled with cheese and vegetables.",
                    "veg_nonveg": "Veg",
                    "spice_level": "Normal"
                },
                {
                    "name": "Cheese Spring Roll",
                    "price": "\u20b9190",
                    "description": "Spring rolls filled with cheese and vegetables.",
                    "veg_nonveg": "Veg",
                    "spice_level": "Normal"
                },
                {
                    "name": "Cheese Corn Balls",
                    "price": "\u20b9195",
                    "description": "Crunchy bites of cheesy delight with sweet corn, perfect for snacking.",
                    "veg_nonveg": "Veg",
                    "spice_level": "Normal"
                },
                {
                    "name": "Crispy Corn",
                    "price": "\u20b9195",
                    "description": "Delightfully crunchy and seasoned kernels of corn, a satisfying snack.",
                    "veg_nonveg": "Veg",
                    "spice_level": "Normal"
                },
                {
                    "name": "Chana Chaat",
                    "price": "\u20b990",
                    "description": "Tangy and flavorful chickpea salad, a popular Indian street food.",
                    "veg_nonveg": "Veg",
                    "spice_level": "Normal"
                },
                {
                    "name": "Peanut Chaat",
                    "price": "\u20b990",
                    "description": "Roasted peanuts tossed with spices and chutneys, a delightful and crunchy snack.",
                    "veg_nonveg": "Veg",
                    "spice_level": "Normal"
                },
                {
                    "name": "Aloo Chaat",
                    "price": "\u20b9100",
                    "description": "Spiced and tangy potato chunks, a flavorful Indian street food favorite.",
                    "veg_nonveg": "Veg",
                    "spice_level": "Normal"
                },
                {
                    "name": "Aloo Tikki Chaat",
                    "price": "\u20b9100",
                    "description": "Crispy potato patties topped with yogurt, chutneys and spices, a delicious and satisfying snack.",
                    "veg_nonveg": "Veg",
                    "spice_level": "Normal"
                }
            ]
        },
        {
            "category": "Accompaniments",
            "items": [
                {
                    "name": "Green Salad",
                    "price": "\u20b970",
                    "description": "A refreshing mix of crisp greens, crunchy veggies and zesty dressing, bringing a perfect balance of freshness and flavor in every bite.",
                    "veg_nonveg": "Veg",
                    "spice_level": "Normal"
                },
                {
                    "name": "Tomato Salad",
                    "price": "\u20b980",
                    "description": "Salad",
                    "veg_nonveg": "Veg",
                    "spice_level": "Normal"
                },
                {
                    "name": "Cucumber Salad",
                    "price": "\u20b980",
                    "description": "Salad",
                    "veg_nonveg": "Veg",
                    "spice_level": "Normal"
                },
                {
                    "name": "Onion Salad",
                    "price": "\u20b9100",
                    "description": "Salad",
                    "veg_nonveg": "Veg",
                    "spice_level": "Normal"
                },
                {
                    "name": "Plain Raita",
                    "price": "\u20b9120",
                    "description": "Side dishes",
                    "veg_nonveg": "Veg",
                    "spice_level": "Normal"
                },
                {
                    "name": "Plain Curd",
                    "price": "\u20b9120",
                    "description": "Side dishes",
                    "veg_nonveg": "Veg",
                    "spice_level": "Normal"
                },
                {
                    "name": "Cucumber Raita",
                    "price": "\u20b9150",
                    "description": "A cool and creamy yogurt delight with refreshing cucumber and a touch of spices, making every bite smooth, soothing and irresistibly delicious.",
                    "veg_nonveg": "Veg",
                    "spice_level": "Normal"
                },
                {
                    "name": "Aloo Raita",
                    "price": "\u20b9150",
                    "description": "Side dishes",
                    "veg_nonveg": "Veg",
                    "spice_level": "Normal"
                },
                {
                    "name": "Boondi Raita",
                    "price": "\u20b9150",
                    "description": "Side dishes",
                    "veg_nonveg": "Veg",
                    "spice_level": "Normal"
                },
                {
                    "name": "Mixed Raita",
                    "price": "\u20b9150",
                    "description": "Side dishes",
                    "veg_nonveg": "Veg",
                    "spice_level": "Normal"
                },
                {
                    "name": "Kaju Special Raita",
                    "price": "\u20b9170",
                    "description": "Side dishes",
                    "veg_nonveg": "Veg",
                    "spice_level": "Normal"
                },
                {
                    "name": "Special Pineapple Raita",
                    "price": "\u20b9180",
                    "description": "Side dishes",
                    "veg_nonveg": "Veg",
                    "spice_level": "Normal"
                },
                {
                    "name": "Special Fruit Raita",
                    "price": "\u20b9180",
                    "description": "Side dishes",
                    "veg_nonveg": "Veg",
                    "spice_level": "Normal"
                }
            ]
        },
        {
            "category": "Soups and Salad",
            "items": [
                {
                    "name": "Veg Clear Soup",
                    "price": "\u20b9100",
                    "description": "A light and refreshing broth infused with delicate flavors and fresh veggies, offering a warm, soothing and healthy delight in every sip.",
                    "veg_nonveg": "Veg",
                    "spice_level": "Normal"
                },
                {
                    "name": "Dal Shorba",
                    "price": "\u20b9110",
                    "description": "A light and flavorful lentil soup, slow cooked with aromatic spices for a warm, comforting and nourishing delight in every sip.",
                    "veg_nonveg": "Veg",
                    "spice_level": "Normal"
                },
                {
                    "name": "Cream of Vegetable Soup",
                    "price": "\u20b9110",
                    "description": "Vegetable Clear Soup Is A Comforting And Light Soup Prepared With Carrots, Beans, Button Mushrooms, Onions Topped With Spring Onions",
                    "veg_nonveg": "Veg",
                    "spice_level": "Normal"
                },
                {
                    "name": "Veg Tomato Soup",
                    "price": "\u20b9110",
                    "description": "Tomato Soup Is A Soup Made With Tomatoes As The Primary Ingredient",
                    "veg_nonveg": "Veg",
                    "spice_level": "Normal"
                },
                {
                    "name": "Veg Sweet Corn Soup",
                    "price": "\u20b9110",
                    "description": "Corn Soup Made With Corn, Veggies, Spices And Herbs.",
                    "veg_nonveg": "Veg",
                    "spice_level": "Normal"
                },
                {
                    "name": "Veg Noodles Soup",
                    "price": "\u20b9110",
                    "description": "A comforting bowl of flavorful broth with soft noodles and fresh veggies, perfectly seasoned for a warm, satisfying and slurp worthy delight.",
                    "veg_nonveg": "Veg",
                    "spice_level": "Normal"
                },
                {
                    "name": "Veg Hot and Sour Soup",
                    "price": "\u20b9110",
                    "description": "This Soup With Vegetables Gets Spicy(Hot) Taste From The Chili Sauce And Black Pepper Powder While Sour Taste From The Vinegar",
                    "veg_nonveg": "Veg",
                    "spice_level": "Spicy"
                },
                {
                    "name": "Veg Manchow Soup",
                    "price": "\u20b9110",
                    "description": "Dark Brown Soup Prepared With Various Vegetables, Thickened With Corn Flour, And Flavored With Generous Doses Of Soy Sauce, Salt, Garlic And Chilli Peppers.",
                    "veg_nonveg": "Veg",
                    "spice_level": "Spicy"
                },
                {
                    "name": "Veg Talumein Soup",
                    "price": "\u20b9110",
                    "description": "The Soup Basically Comprises Noodles And Veggies, Flavoured With Soy Sauce And Held Together With Vegetable Stock.",
                    "veg_nonveg": "Veg",
                    "spice_level": "Normal"
                },
                {
                    "name": "Veg Lung Fung Soup",
                    "price": "\u20b9110",
                    "description": "A rich and flavorful soup with a hearty blend of fresh veggies and aromatic spices, creating a warm, comforting and deliciously satisfying bowl.",
                    "veg_nonveg": "Veg",
                    "spice_level": "Normal"
                },
                {
                    "name": "Veg Sweet and Sour Soup",
                    "price": "\u20b9110",
                    "description": "A perfect balance of tangy and sweet flavors in a rich, flavorful broth with fresh veggies, creating a deliciously zesty and comforting soup.",
                    "veg_nonveg": "Veg",
                    "spice_level": "Normal"
                },
                {
                    "name": "Veg Lemon Coriander Soup",
                    "price": "\u20b9110",
                    "description": "Lemon Coriander Soup Recipe Is A Healthy Clear Soup Flavoured With Fresh Coriander Leaves And The Splash Of Lemon Juice",
                    "veg_nonveg": "Veg",
                    "spice_level": "Normal"
                },
                {
                    "name": "Tomato Shorba",
                    "price": "\u20b9120",
                    "description": "A rich and aromatic tomato based soup, slow cooked with flavorful spices for a warm, tangy and comforting delight in every sip.",
                    "veg_nonveg": "Veg",
                    "spice_level": "Normal"
                },
                {
                    "name": "Cream of Baby Corn Soup",
                    "price": "\u20b9120",
                    "description": "A rich and velvety soup with tender baby corn, blended to perfection with creamy goodness and delicate spices for a warm, comforting delight in every sip.",
                    "veg_nonveg": "Veg",
                    "spice_level": "Normal"
                },
                {
                    "name": "Tomato Crisp Soup",
                    "price": "\u20b9120",
                    "description": "A rich and tangy tomato soup with a smooth texture, topped with crispy delight for the perfect balance of crunch and warmth in every spoonful.",
                    "veg_nonveg": "Veg",
                    "spice_level": "Normal"
                },
                {
                    "name": "Tomato Soup with Bread Crumb",
                    "price": "\u20b9120",
                    "description": "A rich, velvety tomato soup with a perfect balance of tangy and creamy flavors, topped with crispy golden bread crumbs for a delightful crunch in every spoonful.",
                    "veg_nonveg": "Veg",
                    "spice_level": "Normal"
                },
                {
                    "name": "Veg Mushroom Soup",
                    "price": "\u20b9120",
                    "description": "A rich and creamy delight with tender mushrooms simmered in a flavorful broth, creating a warm, comforting and irresistible bowl of goodness.",
                    "veg_nonveg": "Veg",
                    "spice_level": "Normal"
                },
                {
                    "name": "Cream of Mushroom Soup",
                    "price": "\u20b9120",
                    "description": "A rich and velvety soup made with tender mushrooms, blended with creamy goodness and delicate spices for a warm, comforting and flavorful delight.",
                    "veg_nonveg": "Veg",
                    "spice_level": "Normal"
                },
                {
                    "name": "Russian Salad",
                    "price": "\u20b9220",
                    "description": "A creamy and refreshing mix of crunchy veggies and juicy fruits, tossed in a rich, velvety dressing for a perfect blend of flavors and textures.",
                    "veg_nonveg": "Veg",
                    "spice_level": "Normal"
                }
            ]
        },
        {
            "category": "Desserts and Beverages",
            "items": [
                {
                    "name": "Gulab Jamun [2 Pieces]",
                    "price": "\u20b970",
                    "description": "Dessert",
                    "veg_nonveg": "Veg",
                    "spice_level": "Normal"
                },
                {
                    "name": "Sponge Rasgulla [2 Pieces]",
                    "price": "\u20b980",
                    "description": "Dessert",
                    "veg_nonveg": "Veg",
                    "spice_level": "Normal"
                },
                {
                    "name": "Rasmalai [2 Pieces]",
                    "price": "\u20b9120",
                    "description": "Dessert",
                    "veg_nonveg": "Veg",
                    "spice_level": "Normal"
                },
                {
                    "name": "Sweet Lassi",
                    "price": "\u20b9100",
                    "description": "A creamy, chilled yogurt beverage with a touch of sweetness, blended to perfection for a rich, smooth and refreshing treat.",
                    "veg_nonveg": "Veg",
                    "spice_level": "Normal"
                },
                {
                    "name": "Cold Coffee",
                    "price": "\u20b9130",
                    "description": "A chilled, creamy coffee delight with a perfect blend of rich flavor and smooth texture. Refreshing, energizing and absolutely irresistible.",
                    "veg_nonveg": "Veg",
                    "spice_level": "Normal"
                },
                {
                    "name": "Oreo Shake",
                    "price": "\u20b9130",
                    "description": "A rich and creamy blend of chocolate Oreo and chilled milk, topped with whipped cream for the perfect indulgent treat. Smooth, crunchy and irresistibly delicious.",
                    "veg_nonveg": "Veg",
                    "spice_level": "Normal"
                }
            ]
        }
    ]
}